,"[#<ActiveModel::Error attribute=code, type=taken, options={:value=>""Dem""}>, #<ActiveModel::Error attribute=name, type=taken, options={:value=>""Démission""}>]"
,"[#<ActiveModel::Error attribute=code, type=taken, options={:value=>""Dem""}>, #<ActiveModel::Error attribute=name, type=taken, options={:value=>""Démission""}>]"
,"[#<ActiveModel::Error attribute=code, type=taken, options={:value=>""Dem""}>, #<ActiveModel::Error attribute=name, type=taken, options={:value=>""Démission""}>]"
,"[#<ActiveModel::Error attribute=code, type=taken, options={:value=>""Dem""}>, #<ActiveModel::Error attribute=name, type=taken, options={:value=>""Démission""}>]"
,"[#<ActiveModel::Error attribute=code, type=taken, options={:value=>""Dem""}>, #<ActiveModel::Error attribute=name, type=taken, options={:value=>""Démission""}>]"
,"[#<ActiveModel::Error attribute=code, type=taken, options={:value=>""Dem""}>, #<ActiveModel::Error attribute=name, type=taken, options={:value=>""Démission""}>]"
,"[#<ActiveModel::Error attribute=code, type=taken, options={:value=>""Dem""}>, #<ActiveModel::Error attribute=name, type=taken, options={:value=>""Démission""}>]"
,"[#<ActiveModel::Error attribute=code, type=taken, options={:value=>""Dem""}>, #<ActiveModel::Error attribute=name, type=taken, options={:value=>""Démission""}>]"
,"[#<ActiveModel::Error attribute=code, type=taken, options={:value=>""Dem""}>, #<ActiveModel::Error attribute=name, type=taken, options={:value=>""Démission""}>]"
,"[#<ActiveModel::Error attribute=code, type=taken, options={:value=>""Lic""}>, #<ActiveModel::Error attribute=name, type=taken, options={:value=>""Licenciement""}>]"
,"[#<ActiveModel::Error attribute=code, type=taken, options={:value=>""Lic""}>, #<ActiveModel::Error attribute=name, type=taken, options={:value=>""Licenciement""}>]"
,"[#<ActiveModel::Error attribute=code, type=taken, options={:value=>""Lic""}>, #<ActiveModel::Error attribute=name, type=taken, options={:value=>""Licenciement""}>]"
,"[#<ActiveModel::Error attribute=code, type=taken, options={:value=>""Atr""}>, #<ActiveModel::Error attribute=name, type=taken, options={:value=>""Autres""}>]"
